字段名,字段类型,用途,示例
案例ID,文本,唯一标识,fraud-part-time-rebate-001
审核状态,单选,只有 approved 会发布到用户端,draft/pending/approved/rejected
安全类型,单选,六类校园安全类型,反诈骗/消防安全/交通安全/治安安全/实验室安全/网络安全
典型校园情景,文本,面向学生的具体场景,兼职刷单
案例标题,文本,前端展示标题,兼职群里的小额返利任务
副标题,文本,封面短句,动动手指，日入五百
来源名称,文本,官方来源名称,南开保卫处
来源链接,URL,原文或栏目链接,https://guard.nankai.edu.cn/
来源日期,日期,原文发布日期,2026-07-19
脱敏说明,多行文本,说明删改了哪些敏感信息,已移除姓名和账号
当事人称呼,文本,脱敏人物名,小林
同伴称呼,文本,帮助者线索人物,室友
权威核实渠道,文本,建议联系渠道,保卫处或96110
情景开端,多行文本,风险出现的第一幕,兼职群发布高收益任务
初始诱因,多行文本,为什么当事人会相信,首单不垫付且返小额红包
风险升级,多行文本,风险如何扩大,要求充值联单
压力话术,多行文本,对方如何催促,系统卡单需解冻
错误选择,文本,体验者错误选项,继续充值
安全选择,文本,体验者安全选项,停止转账并核实
帮助者正确动作,多行文本,帮助者建议做法,陪同核实并保存证据
帮助者错误动作,多行文本,帮助者不当做法,直接指责当事人
风险信号,多选/文本,用于观察者线和结局复盘,高收益低门槛;联单任务
安全动作,多选/文本,用于结局复盘,不转账;保存证据;联系官方